<?xml version="1.0"?>
<!-- the full version
<Labels>
  ? SO_Cladocera SC_Brachyura C_Malacostraca F_Cop_Corycaeidae
  P_Bryozoa_Larvae G_Evadne F_Cop_Termoridae P_Chaetognath O_Decapoda
  C_Polychaete_Juvenile C_Appedicularia P_Echinodermata_Larvae
  P_Cnidaria_type2 SC_Doliolida F_Cop_Acartiidae Diatom_chain
  aNOT40_P_Echinodermata O_Euphausiacea_Nauplii C_Gastropoda_Larvae
  P_Athropoda SP_Radiolaria C_Polychaeta_Larvae F_Cop_Centropagidae
  P_Arthropoda_Juvenile P_Chordata_eggs O_Maxillopoda_Cyprid
  O_Maxillopoda_Moult O_Cop_Harpacticoid F_Cop_Calanidae
  O_Maxillopoda_Nauplii P_Cnidaria_type1 F_Cop_Oithonidae NB_Detritus
  NB_Airbubbles C_Bivalvia_Larvae F_Cop_Oncaeidae</Labels>
  -->
<Labels>
    
<Label Class="Copepoda"> </Label>
<Label Class="Detritus"></Label>
<Label Class="NonCopepoda"></Label>

</Labels>

